[{"model": "products.productcategory", "pk": 1, "fields": {"name": "Штаны", "description": ""}}, {"model": "products.productcategory", "pk": 2, "fields": {"name": "Кофты", "description": ""}}, {"model": "products.productcategory", "pk": 3, "fields": {"name": "Боди", "description": ""}}, {"model": "products.productcategory", "pk": 4, "fields": {"name": "Футболки", "description": ""}}, {"model": "products.product", "pk": 3, "fields": {"name": "Укороченная зипка Stylewiae", "description": "50% хлопок, 50% полиэстер", "price": "750.00", "quantity": 0, "category": 2, "size": "S", "gender": "F"}}, {"model": "products.product", "pk": 4, "fields": {"name": "Кофта HM", "description": "45% хлопка, 55% акрила.", "price": "990.00", "quantity": 0, "category": 2, "size": "M", "gender": "M"}}, {"model": "products.product", "pk": 5, "fields": {"name": "Худи Tommy Hilfiger", "description": "65% хлопок, 35% полиэстер", "price": "2200.00", "quantity": 0, "category": 2, "size": "M", "gender": "M"}}, {"model": "products.product", "pk": 6, "fields": {"name": "Свитшот Tommy Jeans", "description": "100% хлопок", "price": "1300.00", "quantity": 0, "category": 2, "size": "L", "gender": "M"}}, {"model": "products.product", "pk": 7, "fields": {"name": "Худи Steve & Barry’s", "description": "80% хлопок, 20% полиэстер, отсутствует шнурок на капюшоне", "price": "1150.00", "quantity": 0, "category": 2, "size": "M", "gender": "M"}}, {"model": "products.product", "pk": 8, "fields": {"name": "Толстовка Gap", "description": "80% полиэстер, 20% хлопок, утеплённая", "price": "1600.00", "quantity": 0, "category": 2, "size": "M", "gender": "M"}}, {"model": "products.product", "pk": 9, "fields": {"name": "Раритетный свитер", "description": "40% натуральной шерсти, 60% синтетики", "price": "1400.00", "quantity": 0, "category": 2, "size": "L", "gender": "M"}}, {"model": "products.product", "pk": 10, "fields": {"name": "Олимпийка Diesel", "description": "80% хлопка, 20% полиэстер", "price": "1550.00", "quantity": 0, "category": 2, "size": "M", "gender": "F"}}, {"model": "products.product", "pk": 11, "fields": {"name": "Свитшот Jack & Jones Premium", "description": "50% хлопка, 50% полиэстер", "price": "1100.00", "quantity": 0, "category": 2, "size": "S", "gender": "M"}}, {"model": "products.product", "pk": 12, "fields": {"name": "Свитер из плюшевой пряжи", "description": "100% полиэстер, мягкая, приятная на ощупь", "price": "1600.00", "quantity": 0, "category": 2, "size": "M", "gender": "F"}}, {"model": "products.product", "pk": 13, "fields": {"name": "Худи H&M", "description": "80% хлопок, 20% полиэстер", "price": "1270.00", "quantity": 0, "category": 2, "size": "XS", "gender": "M"}}, {"model": "products.product", "pk": 14, "fields": {"name": "Боди In Vogue Paris", "description": "95% полиэстер, 5% эластан", "price": "830.00", "quantity": 0, "category": 3, "size": "M", "gender": "F"}}, {"model": "products.product", "pk": 15, "fields": {"name": "Свитшот Tommy Hilfiger", "description": "100% хлопок", "price": "2750.00", "quantity": 0, "category": 2, "size": "L", "gender": "M"}}, {"model": "products.product", "pk": 17, "fields": {"name": "Футболка Lonsdale", "description": "65% полиэстерa, 35% хлопка", "price": "1190.00", "quantity": 0, "category": 4, "size": "?", "gender": "M"}}, {"model": "products.product", "pk": 18, "fields": {"name": "Свитшот", "description": "80% хлопка, 15% вискозы", "price": "1860.00", "quantity": 0, "category": 2, "size": "M", "gender": "F"}}, {"model": "products.product", "pk": 19, "fields": {"name": "Футболка Namaste", "description": "Гладкая. Перевод: \"Ашрам для занятий Виньяса-йогой\"", "price": "600.00", "quantity": 0, "category": 4, "size": "M", "gender": "M"}}, {"model": "products.product", "pk": 20, "fields": {"name": "Кофта Pacific Republic", "description": "52% полиэстера, 48% хлопка. Мягкая, приятная к телу.  В нижней части незначительное пятнышко.", "price": "850.00", "quantity": 0, "category": 2, "size": "S", "gender": "F"}}, {"model": "products.product", "pk": 21, "fields": {"name": "Короткая кофта с капюшоном", "description": "71% хлопка, 29% полиэстера", "price": "900.00", "quantity": 0, "category": 2, "size": "XS", "gender": "F"}}, {"model": "products.product", "pk": 22, "fields": {"name": "Худи Prettylittlething", "description": "50% хлопка, 50% полиэстера", "price": "1407.00", "quantity": 0, "category": 2, "size": "M", "gender": "M"}}, {"model": "products.product", "pk": 23, "fields": {"name": "Водолазка Shein", "description": "95% полиэстера, 5% эластана.", "price": "639.00", "quantity": 0, "category": 2, "size": "S", "gender": "F"}}, {"model": "products.product", "pk": 24, "fields": {"name": "Худи Dunnes Stores", "description": "65% полиэстера, 35% хлопка. Светлое пятнышко над буквой \"D\"", "price": "700.00", "quantity": 0, "category": 2, "size": "M", "gender": "M"}}, {"model": "products.product", "pk": 25, "fields": {"name": "Кардиган Marks and Spencer", "description": "100% акрила.", "price": "1830.00", "quantity": 0, "category": 2, "size": "L", "gender": "F"}}, {"model": "products.product", "pk": 26, "fields": {"name": "Вельветовые брюки FSBN", "description": "Вельвет состоит из хлопка, а также полностью из синтетики. На брюках есть пару незаметных пятен.", "price": "4500.00", "quantity": 0, "category": 1, "size": "L", "gender": "M"}}, {"model": "products.productimage", "pk": 6, "fields": {"image": "gallery/photo_2_2024-08-16_18-07-25.jpg", "product": 3}}, {"model": "products.productimage", "pk": 7, "fields": {"image": "gallery/photo_6_2024-08-16_18-07-25.jpg", "product": 3}}, {"model": "products.productimage", "pk": 8, "fields": {"image": "gallery/photo_5_2024-08-16_18-07-25.jpg", "product": 4}}, {"model": "products.productimage", "pk": 9, "fields": {"image": "gallery/photo_1_2024-08-16_18-07-25.jpg", "product": 4}}, {"model": "products.productimage", "pk": 10, "fields": {"image": "gallery/photo_4_2024-08-16_18-07-25.jpg", "product": 5}}, {"model": "products.productimage", "pk": 11, "fields": {"image": "gallery/photo_3_2024-08-16_18-07-25.jpg", "product": 5}}, {"model": "products.productimage", "pk": 12, "fields": {"image": "gallery/photo_2_2024-08-16_18-11-19.jpg", "product": 6}}, {"model": "products.productimage", "pk": 13, "fields": {"image": "gallery/photo_1_2024-08-16_18-11-19.jpg", "product": 6}}, {"model": "products.productimage", "pk": 14, "fields": {"image": "gallery/photo_6_2024-08-16_20-33-26.jpg", "product": 7}}, {"model": "products.productimage", "pk": 15, "fields": {"image": "gallery/photo_1_2024-08-16_20-33-26.jpg", "product": 7}}, {"model": "products.productimage", "pk": 16, "fields": {"image": "gallery/photo_7_2024-08-16_20-33-26.jpg", "product": 8}}, {"model": "products.productimage", "pk": 17, "fields": {"image": "gallery/photo_2_2024-08-16_20-33-26.jpg", "product": 8}}, {"model": "products.productimage", "pk": 18, "fields": {"image": "gallery/photo_9_2024-08-16_20-33-26.jpg", "product": 9}}, {"model": "products.productimage", "pk": 19, "fields": {"image": "gallery/photo_5_2024-08-16_20-33-26.jpg", "product": 9}}, {"model": "products.productimage", "pk": 20, "fields": {"image": "gallery/photo_1_2024-08-16_22-13-57.jpg", "product": 10}}, {"model": "products.productimage", "pk": 21, "fields": {"image": "gallery/photo_2_2024-08-16_22-13-57__копия.jpg", "product": 10}}, {"model": "products.productimage", "pk": 22, "fields": {"image": "gallery/photo_1_2024-08-16_22-14-23.jpg", "product": 11}}, {"model": "products.productimage", "pk": 23, "fields": {"image": "gallery/photo_2_2024-08-16_22-14-23.jpg", "product": 11}}, {"model": "products.productimage", "pk": 24, "fields": {"image": "gallery/photo_3_2024-08-16_22-14-37.jpg", "product": 12}}, {"model": "products.productimage", "pk": 25, "fields": {"image": "gallery/photo_5_2024-08-16_22-14-37.jpg", "product": 12}}, {"model": "products.productimage", "pk": 26, "fields": {"image": "gallery/photo_1_2024-08-16_22-14-37.jpg", "product": 13}}, {"model": "products.productimage", "pk": 27, "fields": {"image": "gallery/photo_4_2024-08-16_22-14-37.jpg", "product": 13}}, {"model": "products.productimage", "pk": 28, "fields": {"image": "gallery/photo_2_2024-08-16_22-14-37.jpg", "product": 14}}, {"model": "products.productimage", "pk": 29, "fields": {"image": "gallery/photo_6_2024-08-16_22-14-37.jpg", "product": 14}}, {"model": "products.productimage", "pk": 30, "fields": {"image": "gallery/photo_3_2024-08-16_20-33-26.jpg", "product": 15}}, {"model": "products.productimage", "pk": 31, "fields": {"image": "gallery/photo_8_2024-08-16_20-33-26.jpg", "product": 15}}, {"model": "products.productimage", "pk": 34, "fields": {"image": "gallery/photo_2_2024-08-24_22-45-46.jpg", "product": 17}}, {"model": "products.productimage", "pk": 35, "fields": {"image": "gallery/photo_1_2024-08-24_22-45-46.jpg", "product": 17}}, {"model": "products.productimage", "pk": 36, "fields": {"image": "gallery/photo_4_2024-08-24_22-45-46.jpg", "product": 18}}, {"model": "products.productimage", "pk": 37, "fields": {"image": "gallery/photo_9_2024-08-24_22-45-46.jpg", "product": 18}}, {"model": "products.productimage", "pk": 38, "fields": {"image": "gallery/photo_7_2024-08-24_22-45-46.jpg", "product": 19}}, {"model": "products.productimage", "pk": 39, "fields": {"image": "gallery/photo_3_2024-08-24_22-45-46.jpg", "product": 19}}, {"model": "products.productimage", "pk": 40, "fields": {"image": "gallery/photo_4_2024-08-16_20-33-26.jpg", "product": 20}}, {"model": "products.productimage", "pk": 41, "fields": {"image": "gallery/photo_10_2024-08-16_20-33-26.jpg", "product": 20}}, {"model": "products.productimage", "pk": 42, "fields": {"image": "gallery/photo_2_2024-08-25_23-17-00.jpg", "product": 21}}, {"model": "products.productimage", "pk": 43, "fields": {"image": "gallery/photo_4_2024-08-25_23-17-00.jpg", "product": 21}}, {"model": "products.productimage", "pk": 44, "fields": {"image": "gallery/photo_1_2024-08-25_23-17-00.jpg", "product": 22}}, {"model": "products.productimage", "pk": 45, "fields": {"image": "gallery/photo_7_2024-08-25_23-17-00.jpg", "product": 22}}, {"model": "products.productimage", "pk": 46, "fields": {"image": "gallery/photo_10_2024-08-25_23-17-00.jpg", "product": 23}}, {"model": "products.productimage", "pk": 47, "fields": {"image": "gallery/photo_3_2024-08-25_23-17-00.jpg", "product": 23}}, {"model": "products.productimage", "pk": 48, "fields": {"image": "gallery/photo_5_2024-08-25_23-17-00.jpg", "product": 26}}, {"model": "products.productimage", "pk": 49, "fields": {"image": "gallery/photo_6_2024-08-25_23-17-00.jpg", "product": 26}}, {"model": "products.productimage", "pk": 50, "fields": {"image": "gallery/photo_8_2024-08-25_23-17-00.jpg", "product": 25}}, {"model": "products.productimage", "pk": 51, "fields": {"image": "gallery/photo_9_2024-08-25_23-17-00.jpg", "product": 25}}, {"model": "products.productimage", "pk": 52, "fields": {"image": "gallery/photo_8_2024-08-24_22-45-46.jpg", "product": 24}}, {"model": "products.productimage", "pk": 53, "fields": {"image": "gallery/photo_5_2024-08-24_22-45-46.jpg", "product": 24}}]